{
  "total_files": 552,
  "successful": 552,
  "failed": 0,
  "rules_only": 0,
  "ai_enhanced": 552,
  "total_estimated_cost": 2.5845422999999967,
  "total_processing_time": 8349.264168977737,
  "average_signal_improvement": 4.3660313920055716
}